--cleanup tables first
TRUNCATE TABLE CUSTOMERS;
TRUNCATE TABLE ITEM_CATALOGUE;
TRUNCATE TABLE ORDERS;
--Insert Customer Data
INSERT INTO CUSTOMERS (CUSTOMER_ID, FIRST_NAME, LAST_NAME, ADDRESS_STREET, ADDRESS_DISTRICT, ADDRESS_REGION)
VALUES (100001, 'Jan', 'Novák', 'Masarykova 12', 'Brno-střed', 'Jihomoravský');

INSERT INTO CUSTOMERS (CUSTOMER_ID, FIRST_NAME, LAST_NAME, ADDRESS_STREET, ADDRESS_DISTRICT, ADDRESS_REGION)
VALUES (100002, 'Petr', 'Svoboda', 'Smetanova 8', 'Ostrava-Jih', 'Moravskoslezský');

INSERT INTO CUSTOMERS (CUSTOMER_ID, FIRST_NAME, LAST_NAME, ADDRESS_STREET, ADDRESS_DISTRICT, ADDRESS_REGION)
VALUES (100003, 'Tomáš', 'Dvořák', 'Husova 45', 'Plzeň 1', 'Plzeňský');

INSERT INTO CUSTOMERS (CUSTOMER_ID, FIRST_NAME, LAST_NAME, ADDRESS_STREET, ADDRESS_DISTRICT, ADDRESS_REGION)
VALUES (100004, 'Jiří', 'Černý', 'Nádražní 3', 'Praha 5', 'Hlavní město Praha');

INSERT INTO CUSTOMERS (CUSTOMER_ID, FIRST_NAME, LAST_NAME, ADDRESS_STREET, ADDRESS_DISTRICT, ADDRESS_REGION)
VALUES (100005, 'Martin', 'Procházka', 'Komenského 77', 'Liberec', 'Liberecký');

INSERT INTO CUSTOMERS (CUSTOMER_ID, FIRST_NAME, LAST_NAME, ADDRESS_STREET, ADDRESS_DISTRICT, ADDRESS_REGION)
VALUES (100006, 'Lukáš', 'Horák', 'Krátká 5', 'Pardubice', 'Pardubický');

INSERT INTO CUSTOMERS (CUSTOMER_ID, FIRST_NAME, LAST_NAME, ADDRESS_STREET, ADDRESS_DISTRICT, ADDRESS_REGION)
VALUES (100007, 'David', 'Kučera', 'Dlouhá 14', 'Olomouc', 'Olomoucký');

INSERT INTO CUSTOMERS (CUSTOMER_ID, FIRST_NAME, LAST_NAME, ADDRESS_STREET, ADDRESS_DISTRICT, ADDRESS_REGION)
VALUES (100008, 'Michal', 'Kopecký', 'Tyršova 30', 'Karlovy Vary', 'Karlovarský');

INSERT INTO CUSTOMERS (CUSTOMER_ID, FIRST_NAME, LAST_NAME, ADDRESS_STREET, ADDRESS_DISTRICT, ADDRESS_REGION)
VALUES (100009, 'Jakub', 'Král', 'Palackého 9', 'České Budějovice', 'Jihočeský');

INSERT INTO CUSTOMERS (CUSTOMER_ID, FIRST_NAME, LAST_NAME, ADDRESS_STREET, ADDRESS_DISTRICT, ADDRESS_REGION)
VALUES (100010, 'Filip', 'Beneš', 'Jiráskova 27', 'Zlín', 'Zlínský');

INSERT INTO CUSTOMERS (CUSTOMER_ID, FIRST_NAME, LAST_NAME, ADDRESS_STREET, ADDRESS_DISTRICT, ADDRESS_REGION)
VALUES (100011, 'Radek', 'Fiala', 'U Lesa 11', 'Hradec Králové', 'Královéhradecký');

INSERT INTO CUSTOMERS (CUSTOMER_ID, FIRST_NAME, LAST_NAME, ADDRESS_STREET, ADDRESS_DISTRICT, ADDRESS_REGION)
VALUES (100012, 'Václav', 'Sedláček', 'Školní 6', 'Ústí nad Labem', 'Ústecký');

INSERT INTO CUSTOMERS (CUSTOMER_ID, FIRST_NAME, LAST_NAME, ADDRESS_STREET, ADDRESS_DISTRICT, ADDRESS_REGION)
VALUES (100013, 'Ondřej', 'Holub', 'Na Hrázi 88', 'Praha 6', 'Hlavní město Praha');

INSERT INTO CUSTOMERS (CUSTOMER_ID, FIRST_NAME, LAST_NAME, ADDRESS_STREET, ADDRESS_DISTRICT, ADDRESS_REGION)
VALUES (100014, 'Jaroslav', 'Pokorný', 'Lidická 17', 'Brno-sever', 'Jihomoravský');

INSERT INTO CUSTOMERS (CUSTOMER_ID, FIRST_NAME, LAST_NAME, ADDRESS_STREET, ADDRESS_DISTRICT, ADDRESS_REGION)
VALUES (100015, 'Karel', 'Kříž', 'Bezručova 19', 'Opava', 'Moravskoslezský');

INSERT INTO CUSTOMERS (CUSTOMER_ID, FIRST_NAME, LAST_NAME, ADDRESS_STREET, ADDRESS_DISTRICT, ADDRESS_REGION)
VALUES (100016, 'Roman', 'Malý', 'Polní 4', 'Frýdek-Místek', 'Moravskoslezský');

INSERT INTO CUSTOMERS (CUSTOMER_ID, FIRST_NAME, LAST_NAME, ADDRESS_STREET, ADDRESS_DISTRICT, ADDRESS_REGION)
VALUES (100017, 'Daniel', 'Urban', 'Sportovní 22', 'Kladno', 'Středočeský');

INSERT INTO CUSTOMERS (CUSTOMER_ID, FIRST_NAME, LAST_NAME, ADDRESS_STREET, ADDRESS_DISTRICT, ADDRESS_REGION)
VALUES (100018, 'Aleš', 'Jelínek', 'Lipová 10', 'Třebíč', 'Vysočina');

INSERT INTO CUSTOMERS (CUSTOMER_ID, FIRST_NAME, LAST_NAME, ADDRESS_STREET, ADDRESS_DISTRICT, ADDRESS_REGION)
VALUES (100019, 'Marek', 'Šimek', 'Zahradní 33', 'Uherské Hradiště', 'Zlínský');

INSERT INTO CUSTOMERS (CUSTOMER_ID, FIRST_NAME, LAST_NAME, ADDRESS_STREET, ADDRESS_DISTRICT, ADDRESS_REGION)
VALUES (100020, 'Patrik', 'Hájek', 'Slovanská 2', 'Plzeň 2', 'Plzeňský');

INSERT INTO CUSTOMERS (CUSTOMER_ID, FIRST_NAME, LAST_NAME, ADDRESS_STREET, ADDRESS_DISTRICT, ADDRESS_REGION)
VALUES (100021, 'Adam', 'Mach', 'Sadová 9', 'Most', 'Ústecký');

INSERT INTO CUSTOMERS (CUSTOMER_ID, FIRST_NAME, LAST_NAME, ADDRESS_STREET, ADDRESS_DISTRICT, ADDRESS_REGION)
VALUES (100022, 'Stanislav', 'Kolář', 'Lesní 16', 'Prostějov', 'Olomoucký');

INSERT INTO CUSTOMERS (CUSTOMER_ID, FIRST_NAME, LAST_NAME, ADDRESS_STREET, ADDRESS_DISTRICT, ADDRESS_REGION)
VALUES (100023, 'Richard', 'Vávra', 'Mlýnská 8', 'Karviná', 'Moravskoslezský');

INSERT INTO CUSTOMERS (CUSTOMER_ID, FIRST_NAME, LAST_NAME, ADDRESS_STREET, ADDRESS_DISTRICT, ADDRESS_REGION)
VALUES (100024, 'Ladislav', 'Růžička', 'Břízová 21', 'Tábor', 'Jihočeský');

INSERT INTO CUSTOMERS (CUSTOMER_ID, FIRST_NAME, LAST_NAME, ADDRESS_STREET, ADDRESS_DISTRICT, ADDRESS_REGION)
VALUES (100025, 'Zdeněk', 'Bláha', 'Javorová 44', 'Havlíčkův Brod', 'Vysočina');

INSERT INTO CUSTOMERS (CUSTOMER_ID, FIRST_NAME, LAST_NAME, ADDRESS_STREET, ADDRESS_DISTRICT, ADDRESS_REGION)
VALUES (100026, 'Vladimír', 'Musil', 'U Vodárny 18', 'Praha 4', 'Hlavní město Praha');

INSERT INTO CUSTOMERS (CUSTOMER_ID, FIRST_NAME, LAST_NAME, ADDRESS_STREET, ADDRESS_DISTRICT, ADDRESS_REGION)
VALUES (100027, 'Josef', 'Hrubý', 'Ke Hřišti 15', 'Mladá Boleslav', 'Středočeský');

INSERT INTO CUSTOMERS (CUSTOMER_ID, FIRST_NAME, LAST_NAME, ADDRESS_STREET, ADDRESS_DISTRICT, ADDRESS_REGION)
VALUES (100028, 'Bohumil', 'Němec', 'Květnová 5', 'Jihlava', 'Vysočina');

INSERT INTO CUSTOMERS (CUSTOMER_ID, FIRST_NAME, LAST_NAME, ADDRESS_STREET, ADDRESS_DISTRICT, ADDRESS_REGION)
VALUES (100029, 'Pavel', 'Vaněk', 'Horní 7', 'Písek', 'Jihočeský');

INSERT INTO CUSTOMERS (CUSTOMER_ID, FIRST_NAME, LAST_NAME, ADDRESS_STREET, ADDRESS_DISTRICT, ADDRESS_REGION)
VALUES (100030, 'Štěpán', 'Bartoš', 'Dolní 20', 'Cheb', 'Karlovarský');

INSERT INTO CUSTOMERS (CUSTOMER_ID, FIRST_NAME, LAST_NAME, ADDRESS_STREET, ADDRESS_DISTRICT, ADDRESS_REGION)
VALUES (100031, 'Luboš', 'Zeman', 'Okružní 3', 'Litvínov', 'Ústecký');

INSERT INTO CUSTOMERS (CUSTOMER_ID, FIRST_NAME, LAST_NAME, ADDRESS_STREET, ADDRESS_DISTRICT, ADDRESS_REGION)
VALUES (100032, 'František', 'Ptáček', 'Luční 23', 'Chomutov', 'Ústecký');

INSERT INTO CUSTOMERS (CUSTOMER_ID, FIRST_NAME, LAST_NAME, ADDRESS_STREET, ADDRESS_DISTRICT, ADDRESS_REGION)
VALUES (100033, 'Ivo', 'Hruška', 'Na Kopci 4', 'Znojmo', 'Jihomoravský');

INSERT INTO CUSTOMERS (CUSTOMER_ID, FIRST_NAME, LAST_NAME, ADDRESS_STREET, ADDRESS_DISTRICT, ADDRESS_REGION)
VALUES (100034, 'Miloš', 'Slavík', 'Na Výsluní 13', 'Kroměříž', 'Zlínský');

INSERT INTO CUSTOMERS (CUSTOMER_ID, FIRST_NAME, LAST_NAME, ADDRESS_STREET, ADDRESS_DISTRICT, ADDRESS_REGION)
VALUES (100035, 'Robert', 'Beran', 'Horská 27', 'Trutnov', 'Královéhradecký');

INSERT INTO CUSTOMERS (CUSTOMER_ID, FIRST_NAME, LAST_NAME, ADDRESS_STREET, ADDRESS_DISTRICT, ADDRESS_REGION)
VALUES (100036, 'Oldřich', 'Vacek', 'Rybářská 11', 'Beroun', 'Středočeský');

INSERT INTO CUSTOMERS (CUSTOMER_ID, FIRST_NAME, LAST_NAME, ADDRESS_STREET, ADDRESS_DISTRICT, ADDRESS_REGION)
VALUES (100037, 'Dominik', 'Šťastný', 'Kamenná 2', 'Nový Jičín', 'Moravskoslezský');

INSERT INTO CUSTOMERS (CUSTOMER_ID, FIRST_NAME, LAST_NAME, ADDRESS_STREET, ADDRESS_DISTRICT, ADDRESS_REGION)
VALUES (100038, 'Miroslav', 'Kovář', 'Pivovarská 9', 'Děčín', 'Ústecký');

INSERT INTO CUSTOMERS (CUSTOMER_ID, FIRST_NAME, LAST_NAME, ADDRESS_STREET, ADDRESS_DISTRICT, ADDRESS_REGION)
VALUES (100039, 'Antonín', 'Houdek', 'Vodní 5', 'Uherský Brod', 'Zlínský');

INSERT INTO CUSTOMERS (CUSTOMER_ID, FIRST_NAME, LAST_NAME, ADDRESS_STREET, ADDRESS_DISTRICT, ADDRESS_REGION)
VALUES (100040, 'Erik', 'Říha', 'U Potoka 12', 'Praha 8', 'Hlavní město Praha');

INSERT INTO CUSTOMERS (CUSTOMER_ID, FIRST_NAME, LAST_NAME, ADDRESS_STREET, ADDRESS_DISTRICT, ADDRESS_REGION)
VALUES (100041, 'Roman', 'Štěpánek', 'Havlíčkova 4', 'Praha 3', 'Hlavní město Praha');

INSERT INTO CUSTOMERS (CUSTOMER_ID, FIRST_NAME, LAST_NAME, ADDRESS_STREET, ADDRESS_DISTRICT, ADDRESS_REGION)
VALUES (100042, 'Viktor', 'Matoušek', 'Čechova 19', 'Olomouc', 'Olomoucký');

INSERT INTO CUSTOMERS (CUSTOMER_ID, FIRST_NAME, LAST_NAME, ADDRESS_STREET, ADDRESS_DISTRICT, ADDRESS_REGION)
VALUES (100043, 'Ladislav', 'Douša', 'Křížová 11', 'Plzeň 4', 'Plzeňský');

INSERT INTO CUSTOMERS (CUSTOMER_ID, FIRST_NAME, LAST_NAME, ADDRESS_STREET, ADDRESS_DISTRICT, ADDRESS_REGION)
VALUES (100044, 'Eduard', 'Klein', 'Horská 17', 'Praha 9', 'Hlavní město Praha');

INSERT INTO CUSTOMERS (CUSTOMER_ID, FIRST_NAME, LAST_NAME, ADDRESS_STREET, ADDRESS_DISTRICT, ADDRESS_REGION)
VALUES (100045, 'Kamil', 'Starý', 'Nová 5', 'Jablonec nad Nisou', 'Liberecký');

INSERT INTO CUSTOMERS (CUSTOMER_ID, FIRST_NAME, LAST_NAME, ADDRESS_STREET, ADDRESS_DISTRICT, ADDRESS_REGION)
VALUES (100046, 'Jindřich', 'Hlavatý', 'Pivovarská 23', 'Uherské Hradiště', 'Zlínský');

INSERT INTO CUSTOMERS (CUSTOMER_ID, FIRST_NAME, LAST_NAME, ADDRESS_STREET, ADDRESS_DISTRICT, ADDRESS_REGION)
VALUES (100047, 'Otakar', 'Mráz', 'Sokolská 7', 'Brno-jih', 'Jihomoravský');

INSERT INTO CUSTOMERS (CUSTOMER_ID, FIRST_NAME, LAST_NAME, ADDRESS_STREET, ADDRESS_DISTRICT, ADDRESS_REGION)
VALUES (100048, 'Igor', 'Konečný', 'Dolní 31', 'Přerov', 'Olomoucký');

INSERT INTO CUSTOMERS (CUSTOMER_ID, FIRST_NAME, LAST_NAME, ADDRESS_STREET, ADDRESS_DISTRICT, ADDRESS_REGION)
VALUES (100049, 'René', 'Novotný', 'Krátká 42', 'Praha 7', 'Hlavní město Praha');

INSERT INTO CUSTOMERS (CUSTOMER_ID, FIRST_NAME, LAST_NAME, ADDRESS_STREET, ADDRESS_DISTRICT, ADDRESS_REGION)
VALUES (100050, 'Bedřich', 'Kočí', 'Smetanova 15', 'Chrudim', 'Pardubický');

INSERT INTO CUSTOMERS (CUSTOMER_ID, FIRST_NAME, LAST_NAME, ADDRESS_STREET, ADDRESS_DISTRICT, ADDRESS_REGION)
VALUES (100051, 'Vladislav', 'Samek', 'Luční 8', 'Nymburk', 'Středočeský');

INSERT INTO CUSTOMERS (CUSTOMER_ID, FIRST_NAME, LAST_NAME, ADDRESS_STREET, ADDRESS_DISTRICT, ADDRESS_REGION)
VALUES (100052, 'Radomír', 'Čech', 'Javorová 10', 'Hodonín', 'Jihomoravský');

INSERT INTO CUSTOMERS (CUSTOMER_ID, FIRST_NAME, LAST_NAME, ADDRESS_STREET, ADDRESS_DISTRICT, ADDRESS_REGION)
VALUES (100053, 'Norbert', 'Vondra', 'Pod Lesem 2', 'Žďár nad Sázavou', 'Vysočina');

INSERT INTO CUSTOMERS (CUSTOMER_ID, FIRST_NAME, LAST_NAME, ADDRESS_STREET, ADDRESS_DISTRICT, ADDRESS_REGION)
VALUES (100054, 'Rostislav', 'Pospíšil', 'U Nádraží 13', 'Praha 2', 'Hlavní město Praha');

INSERT INTO CUSTOMERS (CUSTOMER_ID, FIRST_NAME, LAST_NAME, ADDRESS_STREET, ADDRESS_DISTRICT, ADDRESS_REGION)
VALUES (100055, 'Marian', 'Havlíček', 'Horní 9', 'Karlovy Vary', 'Karlovarský');

INSERT INTO CUSTOMERS (CUSTOMER_ID, FIRST_NAME, LAST_NAME, ADDRESS_STREET, ADDRESS_DISTRICT, ADDRESS_REGION)
VALUES (100056, 'Aleš', 'Vlček', 'Školní 3', 'Český Krumlov', 'Jihočeský');

INSERT INTO CUSTOMERS (CUSTOMER_ID, FIRST_NAME, LAST_NAME, ADDRESS_STREET, ADDRESS_DISTRICT, ADDRESS_REGION)
VALUES (100057, 'Jaromír', 'Lukáš', 'U Potoka 17', 'Praha 10', 'Hlavní město Praha');

INSERT INTO CUSTOMERS (CUSTOMER_ID, FIRST_NAME, LAST_NAME, ADDRESS_STREET, ADDRESS_DISTRICT, ADDRESS_REGION)
VALUES (100058, 'Slavomír', 'Bartoň', 'Na Hradbách 14', 'Teplice', 'Ústecký');

INSERT INTO CUSTOMERS (CUSTOMER_ID, FIRST_NAME, LAST_NAME, ADDRESS_STREET, ADDRESS_DISTRICT, ADDRESS_REGION)
VALUES (100059, 'Bronislav', 'Gregor', 'Zahradní 18', 'Znojmo', 'Jihomoravský');

INSERT INTO CUSTOMERS (CUSTOMER_ID, FIRST_NAME, LAST_NAME, ADDRESS_STREET, ADDRESS_DISTRICT, ADDRESS_REGION)
VALUES (100060, 'Rudolf', 'Hladký', 'Na Výsluní 8', 'Litomyšl', 'Pardubický');

INSERT INTO CUSTOMERS (CUSTOMER_ID, FIRST_NAME, LAST_NAME, ADDRESS_STREET, ADDRESS_DISTRICT, ADDRESS_REGION)
VALUES (100061, 'Herbert', 'Dlouhý', 'Sportovní 27', 'Praha 1', 'Hlavní město Praha');

INSERT INTO CUSTOMERS (CUSTOMER_ID, FIRST_NAME, LAST_NAME, ADDRESS_STREET, ADDRESS_DISTRICT, ADDRESS_REGION)
VALUES (100062, 'Leoš', 'Moravec', 'Ke Hřišti 4', 'Tábor', 'Jihočeský');

INSERT INTO CUSTOMERS (CUSTOMER_ID, FIRST_NAME, LAST_NAME, ADDRESS_STREET, ADDRESS_DISTRICT, ADDRESS_REGION)
VALUES (100063, 'Vlastimil', 'Konečný', 'Bezručova 6', 'Prachatice', 'Jihočeský');

INSERT INTO CUSTOMERS (CUSTOMER_ID, FIRST_NAME, LAST_NAME, ADDRESS_STREET, ADDRESS_DISTRICT, ADDRESS_REGION)
VALUES (100064, 'Hynek', 'Rada', 'Na Kopci 7', 'Rakovník', 'Středočeský');

INSERT INTO CUSTOMERS (CUSTOMER_ID, FIRST_NAME, LAST_NAME, ADDRESS_STREET, ADDRESS_DISTRICT, ADDRESS_REGION)
VALUES (100065, 'Radovan', 'Barták', 'Hlavní 22', 'Hradec Králové', 'Královéhradecký');

INSERT INTO CUSTOMERS (CUSTOMER_ID, FIRST_NAME, LAST_NAME, ADDRESS_STREET, ADDRESS_DISTRICT, ADDRESS_REGION)
VALUES (100066, 'Vilém', 'Řezníček', 'Na Hrázi 19', 'Pardubice', 'Pardubický');

INSERT INTO CUSTOMERS (CUSTOMER_ID, FIRST_NAME, LAST_NAME, ADDRESS_STREET, ADDRESS_DISTRICT, ADDRESS_REGION)
VALUES (100067, 'Čestmír', 'Kroutil', 'Jiráskova 11', 'Olomouc', 'Olomoucký');

INSERT INTO CUSTOMERS (CUSTOMER_ID, FIRST_NAME, LAST_NAME, ADDRESS_STREET, ADDRESS_DISTRICT, ADDRESS_REGION)
VALUES (100068, 'Břetislav', 'Kohout', 'Lipová 13', 'Beroun', 'Středočeský');

INSERT INTO CUSTOMERS (CUSTOMER_ID, FIRST_NAME, LAST_NAME, ADDRESS_STREET, ADDRESS_DISTRICT, ADDRESS_REGION)
VALUES (100069, 'Štěpán', 'Skála', 'Sadová 25', 'Praha 11', 'Hlavní město Praha');

INSERT INTO CUSTOMERS (CUSTOMER_ID, FIRST_NAME, LAST_NAME, ADDRESS_STREET, ADDRESS_DISTRICT, ADDRESS_REGION)
VALUES (100070, 'Ctibor', 'Hovorka', 'U Vodárny 14', 'Ústí nad Labem', 'Ústecký');

INSERT INTO CUSTOMERS (CUSTOMER_ID, FIRST_NAME, LAST_NAME, ADDRESS_STREET, ADDRESS_DISTRICT, ADDRESS_REGION)
VALUES (100071, 'Albert', 'Míka', 'Kamenná 5', 'Kroměříž', 'Zlínský');

INSERT INTO CUSTOMERS (CUSTOMER_ID, FIRST_NAME, LAST_NAME, ADDRESS_STREET, ADDRESS_DISTRICT, ADDRESS_REGION)
VALUES (100072, 'Dalibor', 'Vlach', 'Polní 8', 'Opava', 'Moravskoslezský');

INSERT INTO CUSTOMERS (CUSTOMER_ID, FIRST_NAME, LAST_NAME, ADDRESS_STREET, ADDRESS_DISTRICT, ADDRESS_REGION)
VALUES (100073, 'Teodor', 'Žák', 'Lidická 9', 'Uherský Brod', 'Zlínský');

INSERT INTO CUSTOMERS (CUSTOMER_ID, FIRST_NAME, LAST_NAME, ADDRESS_STREET, ADDRESS_DISTRICT, ADDRESS_REGION)
VALUES (100074, 'Dominik', 'Odehnal', 'Na Láně 16', 'Frýdek-Místek', 'Moravskoslezský');

INSERT INTO CUSTOMERS (CUSTOMER_ID, FIRST_NAME, LAST_NAME, ADDRESS_STREET, ADDRESS_DISTRICT, ADDRESS_REGION)
VALUES (100075, 'Sebastian', 'Boček', 'Havlíčkova 12', 'Karviná', 'Moravskoslezský');

INSERT INTO CUSTOMERS (CUSTOMER_ID, FIRST_NAME, LAST_NAME, ADDRESS_STREET, ADDRESS_DISTRICT, ADDRESS_REGION)
VALUES (100076, 'Artur', 'Vašíček', 'Na Zahradách 11', 'Jihlava', 'Vysočina');

INSERT INTO CUSTOMERS (CUSTOMER_ID, FIRST_NAME, LAST_NAME, ADDRESS_STREET, ADDRESS_DISTRICT, ADDRESS_REGION)
VALUES (100077, 'Tadeáš', 'Burian', 'Lesní 20', 'Nový Jičín', 'Moravskoslezský');

INSERT INTO CUSTOMERS (CUSTOMER_ID, FIRST_NAME, LAST_NAME, ADDRESS_STREET, ADDRESS_DISTRICT, ADDRESS_REGION)
VALUES (100078, 'Alexandr', 'Sláma', 'Břízová 18', 'Most', 'Ústecký');

INSERT INTO CUSTOMERS (CUSTOMER_ID, FIRST_NAME, LAST_NAME, ADDRESS_STREET, ADDRESS_DISTRICT, ADDRESS_REGION)
VALUES (100079, 'Erik', 'Janda', 'Na Výšinách 3', 'Chomutov', 'Ústecký');

INSERT INTO CUSTOMERS (CUSTOMER_ID, FIRST_NAME, LAST_NAME, ADDRESS_STREET, ADDRESS_DISTRICT, ADDRESS_REGION)
VALUES (100080, 'Matyáš', 'Mašek', 'U Parku 7', 'Děčín', 'Ústecký');

COMMIT;
--Insert data into Item Catalogue
INSERT INTO ITEM_CATALOGUE (ITEM_ID, ITEM_NAME, MANUFACTURER, PRICE_CZK)
VALUES (200001, 'GeForce RTX 4090', 'NVIDIA', 54990);

INSERT INTO ITEM_CATALOGUE (ITEM_ID, ITEM_NAME, MANUFACTURER, PRICE_CZK)
VALUES (200002, 'GeForce RTX 4080 Super', 'NVIDIA', 42990);

INSERT INTO ITEM_CATALOGUE (ITEM_ID, ITEM_NAME, MANUFACTURER, PRICE_CZK)
VALUES (200003, 'GeForce RTX 4070 Ti', 'NVIDIA', 25990);

INSERT INTO ITEM_CATALOGUE (ITEM_ID, ITEM_NAME, MANUFACTURER, PRICE_CZK)
VALUES (200004, 'GeForce RTX 4060 Ti', 'NVIDIA', 13990);

INSERT INTO ITEM_CATALOGUE (ITEM_ID, ITEM_NAME, MANUFACTURER, PRICE_CZK)
VALUES (200005, 'GeForce RTX 4050', 'NVIDIA', 9990);

INSERT INTO ITEM_CATALOGUE (ITEM_ID, ITEM_NAME, MANUFACTURER, PRICE_CZK)
VALUES (200006, 'Radeon RX 7900 XTX', 'AMD', 35990);

INSERT INTO ITEM_CATALOGUE (ITEM_ID, ITEM_NAME, MANUFACTURER, PRICE_CZK)
VALUES (200007, 'Radeon RX 7900 XT', 'AMD', 30990);

INSERT INTO ITEM_CATALOGUE (ITEM_ID, ITEM_NAME, MANUFACTURER, PRICE_CZK)
VALUES (200008, 'Radeon RX 7800 XT', 'AMD', 22990);

INSERT INTO ITEM_CATALOGUE (ITEM_ID, ITEM_NAME, MANUFACTURER, PRICE_CZK)
VALUES (200009, 'Radeon RX 7700 XT', 'AMD', 17990);

INSERT INTO ITEM_CATALOGUE (ITEM_ID, ITEM_NAME, MANUFACTURER, PRICE_CZK)
VALUES (200010, 'Radeon RX 7600', 'AMD', 10990);

INSERT INTO ITEM_CATALOGUE (ITEM_ID, ITEM_NAME, MANUFACTURER, PRICE_CZK)
VALUES (200011, 'Arc A770 16GB', 'Intel', 11990);

INSERT INTO ITEM_CATALOGUE (ITEM_ID, ITEM_NAME, MANUFACTURER, PRICE_CZK)
VALUES (200012, 'Arc A750 8GB', 'Intel', 9990);

INSERT INTO ITEM_CATALOGUE (ITEM_ID, ITEM_NAME, MANUFACTURER, PRICE_CZK)
VALUES (200013, 'GeForce RTX 3060 Ti', 'NVIDIA', 8990);

INSERT INTO ITEM_CATALOGUE (ITEM_ID, ITEM_NAME, MANUFACTURER, PRICE_CZK)
VALUES (200014, 'GeForce RTX 3050', 'NVIDIA', 6490);

INSERT INTO ITEM_CATALOGUE (ITEM_ID, ITEM_NAME, MANUFACTURER, PRICE_CZK)
VALUES (200015, 'Radeon RX 6700 XT', 'AMD', 8490);

INSERT INTO ITEM_CATALOGUE (ITEM_ID, ITEM_NAME, MANUFACTURER, PRICE_CZK)
VALUES (200016, 'Radeon RX 6650 XT', 'AMD', 7490);

INSERT INTO ITEM_CATALOGUE (ITEM_ID, ITEM_NAME, MANUFACTURER, PRICE_CZK)
VALUES (200017, 'GeForce GTX 1660 Super', 'NVIDIA', 5490);

INSERT INTO ITEM_CATALOGUE (ITEM_ID, ITEM_NAME, MANUFACTURER, PRICE_CZK)
VALUES (200018, 'Radeon RX 6500 XT', 'AMD', 4790);

INSERT INTO ITEM_CATALOGUE (ITEM_ID, ITEM_NAME, MANUFACTURER, PRICE_CZK)
VALUES (200019, 'Arc A580 8GB', 'Intel', 6990);

INSERT INTO ITEM_CATALOGUE (ITEM_ID, ITEM_NAME, MANUFACTURER, PRICE_CZK)
VALUES (200020, 'GeForce RTX 4070 Super', 'NVIDIA', 19990);
COMMIT;
--Insert data into Orders
INSERT INTO ORDERS (ORDER_ID, ITEM_ID, CUSTOMER_ID) VALUES (500001, 200003, 100045);
INSERT INTO ORDERS (ORDER_ID, ITEM_ID, CUSTOMER_ID) VALUES (500002, 200015, 100012);
INSERT INTO ORDERS (ORDER_ID, ITEM_ID, CUSTOMER_ID) VALUES (500003, 200001, 100067);
INSERT INTO ORDERS (ORDER_ID, ITEM_ID, CUSTOMER_ID) VALUES (500004, 200018, 100029);
INSERT INTO ORDERS (ORDER_ID, ITEM_ID, CUSTOMER_ID) VALUES (500005, 200010, 100076);
INSERT INTO ORDERS (ORDER_ID, ITEM_ID, CUSTOMER_ID) VALUES (500006, 200007, 100021);
INSERT INTO ORDERS (ORDER_ID, ITEM_ID, CUSTOMER_ID) VALUES (500007, 200019, 100034);
INSERT INTO ORDERS (ORDER_ID, ITEM_ID, CUSTOMER_ID) VALUES (500008, 200014, 100058);
INSERT INTO ORDERS (ORDER_ID, ITEM_ID, CUSTOMER_ID) VALUES (500009, 200011, 100002);
INSERT INTO ORDERS (ORDER_ID, ITEM_ID, CUSTOMER_ID) VALUES (500010, 200004, 100048);
INSERT INTO ORDERS (ORDER_ID, ITEM_ID, CUSTOMER_ID) VALUES (500011, 200020, 100061);
INSERT INTO ORDERS (ORDER_ID, ITEM_ID, CUSTOMER_ID) VALUES (500012, 200002, 100070);
INSERT INTO ORDERS (ORDER_ID, ITEM_ID, CUSTOMER_ID) VALUES (500013, 200013, 100039);
INSERT INTO ORDERS (ORDER_ID, ITEM_ID, CUSTOMER_ID) VALUES (500014, 200006, 100017);
INSERT INTO ORDERS (ORDER_ID, ITEM_ID, CUSTOMER_ID) VALUES (500015, 200009, 100080);
INSERT INTO ORDERS (ORDER_ID, ITEM_ID, CUSTOMER_ID) VALUES (500016, 200005, 100007);
INSERT INTO ORDERS (ORDER_ID, ITEM_ID, CUSTOMER_ID) VALUES (500017, 200016, 100072);
INSERT INTO ORDERS (ORDER_ID, ITEM_ID, CUSTOMER_ID) VALUES (500018, 200012, 100054);
INSERT INTO ORDERS (ORDER_ID, ITEM_ID, CUSTOMER_ID) VALUES (500019, 200008, 100033);
INSERT INTO ORDERS (ORDER_ID, ITEM_ID, CUSTOMER_ID) VALUES (500020, 200017, 100041);
INSERT INTO ORDERS (ORDER_ID, ITEM_ID, CUSTOMER_ID) VALUES (500021, 200019, 100046);
INSERT INTO ORDERS (ORDER_ID, ITEM_ID, CUSTOMER_ID) VALUES (500022, 200010, 100027);
INSERT INTO ORDERS (ORDER_ID, ITEM_ID, CUSTOMER_ID) VALUES (500023, 200014, 100053);
INSERT INTO ORDERS (ORDER_ID, ITEM_ID, CUSTOMER_ID) VALUES (500024, 200003, 100065);
INSERT INTO ORDERS (ORDER_ID, ITEM_ID, CUSTOMER_ID) VALUES (500025, 200018, 100004);
INSERT INTO ORDERS (ORDER_ID, ITEM_ID, CUSTOMER_ID) VALUES (500026, 200007, 100075);
INSERT INTO ORDERS (ORDER_ID, ITEM_ID, CUSTOMER_ID) VALUES (500027, 200001, 100008);
INSERT INTO ORDERS (ORDER_ID, ITEM_ID, CUSTOMER_ID) VALUES (500028, 200015, 100050);
INSERT INTO ORDERS (ORDER_ID, ITEM_ID, CUSTOMER_ID) VALUES (500029, 200002, 100062);
INSERT INTO ORDERS (ORDER_ID, ITEM_ID, CUSTOMER_ID) VALUES (500030, 200013, 100037);
INSERT INTO ORDERS (ORDER_ID, ITEM_ID, CUSTOMER_ID) VALUES (500031, 200005, 100020);
INSERT INTO ORDERS (ORDER_ID, ITEM_ID, CUSTOMER_ID) VALUES (500032, 200011, 100071);
INSERT INTO ORDERS (ORDER_ID, ITEM_ID, CUSTOMER_ID) VALUES (500033, 200016, 100024);
INSERT INTO ORDERS (ORDER_ID, ITEM_ID, CUSTOMER_ID) VALUES (500034, 200008, 100079);
INSERT INTO ORDERS (ORDER_ID, ITEM_ID, CUSTOMER_ID) VALUES (500035, 200004, 100059);
INSERT INTO ORDERS (ORDER_ID, ITEM_ID, CUSTOMER_ID) VALUES (500036, 200017, 100032);
INSERT INTO ORDERS (ORDER_ID, ITEM_ID, CUSTOMER_ID) VALUES (500037, 200020, 100011);
INSERT INTO ORDERS (ORDER_ID, ITEM_ID, CUSTOMER_ID) VALUES (500038, 200006, 100036);
INSERT INTO ORDERS (ORDER_ID, ITEM_ID, CUSTOMER_ID) VALUES (500039, 200012, 100077);
INSERT INTO ORDERS (ORDER_ID, ITEM_ID, CUSTOMER_ID) VALUES (500040, 200009, 100025);
INSERT INTO ORDERS (ORDER_ID, ITEM_ID, CUSTOMER_ID) VALUES (500041, 200015, 100013);
INSERT INTO ORDERS (ORDER_ID, ITEM_ID, CUSTOMER_ID) VALUES (500042, 200001, 100055);
INSERT INTO ORDERS (ORDER_ID, ITEM_ID, CUSTOMER_ID) VALUES (500043, 200019, 100006);
INSERT INTO ORDERS (ORDER_ID, ITEM_ID, CUSTOMER_ID) VALUES (500044, 200018, 100073);
INSERT INTO ORDERS (ORDER_ID, ITEM_ID, CUSTOMER_ID) VALUES (500045, 200010, 100043);
INSERT INTO ORDERS (ORDER_ID, ITEM_ID, CUSTOMER_ID) VALUES (500046, 200007, 100019);
INSERT INTO ORDERS (ORDER_ID, ITEM_ID, CUSTOMER_ID) VALUES (500047, 200002, 100066);
INSERT INTO ORDERS (ORDER_ID, ITEM_ID, CUSTOMER_ID) VALUES (500048, 200014, 100031);
INSERT INTO ORDERS (ORDER_ID, ITEM_ID, CUSTOMER_ID) VALUES (500049, 200008, 100078);
INSERT INTO ORDERS (ORDER_ID, ITEM_ID, CUSTOMER_ID) VALUES (500050, 200003, 100015);
INSERT INTO ORDERS (ORDER_ID, ITEM_ID, CUSTOMER_ID) VALUES (500051, 200005, 100044);
INSERT INTO ORDERS (ORDER_ID, ITEM_ID, CUSTOMER_ID) VALUES (500052, 200017, 100018);
INSERT INTO ORDERS (ORDER_ID, ITEM_ID, CUSTOMER_ID) VALUES (500053, 200009, 100079);
INSERT INTO ORDERS (ORDER_ID, ITEM_ID, CUSTOMER_ID) VALUES (500054, 200013, 100030);
INSERT INTO ORDERS (ORDER_ID, ITEM_ID, CUSTOMER_ID) VALUES (500055, 200012, 100074);
INSERT INTO ORDERS (ORDER_ID, ITEM_ID, CUSTOMER_ID) VALUES (500056, 200016, 100026);
INSERT INTO ORDERS (ORDER_ID, ITEM_ID, CUSTOMER_ID) VALUES (500057, 200003, 100052);
INSERT INTO ORDERS (ORDER_ID, ITEM_ID, CUSTOMER_ID) VALUES (500058, 200015, 100063);
INSERT INTO ORDERS (ORDER_ID, ITEM_ID, CUSTOMER_ID) VALUES (500059, 200001, 100022);
INSERT INTO ORDERS (ORDER_ID, ITEM_ID, CUSTOMER_ID) VALUES (500060, 200010, 100005);
INSERT INTO ORDERS (ORDER_ID, ITEM_ID, CUSTOMER_ID) VALUES (500061, 200020, 100068);
INSERT INTO ORDERS (ORDER_ID, ITEM_ID, CUSTOMER_ID) VALUES (500062, 200007, 100028);
INSERT INTO ORDERS (ORDER_ID, ITEM_ID, CUSTOMER_ID) VALUES (500063, 200011, 100042);
INSERT INTO ORDERS (ORDER_ID, ITEM_ID, CUSTOMER_ID) VALUES (500064, 200019, 100046);
INSERT INTO ORDERS (ORDER_ID, ITEM_ID, CUSTOMER_ID) VALUES (500065, 200002, 100036);
INSERT INTO ORDERS (ORDER_ID, ITEM_ID, CUSTOMER_ID) VALUES (500066, 200018, 100010);
INSERT INTO ORDERS (ORDER_ID, ITEM_ID, CUSTOMER_ID) VALUES (500067, 200006, 100070);
INSERT INTO ORDERS (ORDER_ID, ITEM_ID, CUSTOMER_ID) VALUES (500068, 200004, 100050);
INSERT INTO ORDERS (ORDER_ID, ITEM_ID, CUSTOMER_ID) VALUES (500069, 200008, 100061);
INSERT INTO ORDERS (ORDER_ID, ITEM_ID, CUSTOMER_ID) VALUES (500070, 200014, 100033);
INSERT INTO ORDERS (ORDER_ID, ITEM_ID, CUSTOMER_ID) VALUES (500071, 200005, 100002);
INSERT INTO ORDERS (ORDER_ID, ITEM_ID, CUSTOMER_ID) VALUES (500072, 200013, 100039);
INSERT INTO ORDERS (ORDER_ID, ITEM_ID, CUSTOMER_ID) VALUES (500073, 200016, 100011);
INSERT INTO ORDERS (ORDER_ID, ITEM_ID, CUSTOMER_ID) VALUES (500074, 200003, 100048);
INSERT INTO ORDERS (ORDER_ID, ITEM_ID, CUSTOMER_ID) VALUES (500075, 200017, 100065);
INSERT INTO ORDERS (ORDER_ID, ITEM_ID, CUSTOMER_ID) VALUES (500076, 200009, 100075);
INSERT INTO ORDERS (ORDER_ID, ITEM_ID, CUSTOMER_ID) VALUES (500077, 200001, 100023);
INSERT INTO ORDERS (ORDER_ID, ITEM_ID, CUSTOMER_ID) VALUES (500078, 200015, 100059);
INSERT INTO ORDERS (ORDER_ID, ITEM_ID, CUSTOMER_ID) VALUES (500079, 200012, 100055);
INSERT INTO ORDERS (ORDER_ID, ITEM_ID, CUSTOMER_ID) VALUES (500080, 200018, 100006);
INSERT INTO ORDERS (ORDER_ID, ITEM_ID, CUSTOMER_ID) VALUES (500081, 200007, 100072);
INSERT INTO ORDERS (ORDER_ID, ITEM_ID, CUSTOMER_ID) VALUES (500082, 200020, 100034);
INSERT INTO ORDERS (ORDER_ID, ITEM_ID, CUSTOMER_ID) VALUES (500083, 200010, 100078);
INSERT INTO ORDERS (ORDER_ID, ITEM_ID, CUSTOMER_ID) VALUES (500084, 200014, 100012);
INSERT INTO ORDERS (ORDER_ID, ITEM_ID, CUSTOMER_ID) VALUES (500085, 200019, 100031);
INSERT INTO ORDERS (ORDER_ID, ITEM_ID, CUSTOMER_ID) VALUES (500086, 200002, 100077);
INSERT INTO ORDERS (ORDER_ID, ITEM_ID, CUSTOMER_ID) VALUES (500087, 200006, 100015);
INSERT INTO ORDERS (ORDER_ID, ITEM_ID, CUSTOMER_ID) VALUES (500088, 200011, 100069);
INSERT INTO ORDERS (ORDER_ID, ITEM_ID, CUSTOMER_ID) VALUES (500089, 200004, 100025);
INSERT INTO ORDERS (ORDER_ID, ITEM_ID, CUSTOMER_ID) VALUES (500090, 200008, 100041);
INSERT INTO ORDERS (ORDER_ID, ITEM_ID, CUSTOMER_ID) VALUES (500091, 200005, 100016);
INSERT INTO ORDERS (ORDER_ID, ITEM_ID, CUSTOMER_ID) VALUES (500092, 200013, 100058);
INSERT INTO ORDERS (ORDER_ID, ITEM_ID, CUSTOMER_ID) VALUES (500093, 200016, 100080);
INSERT INTO ORDERS (ORDER_ID, ITEM_ID, CUSTOMER_ID) VALUES (500094, 200003, 100037);
INSERT INTO ORDERS (ORDER_ID, ITEM_ID, CUSTOMER_ID) VALUES (500095, 200017, 100047);
INSERT INTO ORDERS (ORDER_ID, ITEM_ID, CUSTOMER_ID) VALUES (500096, 200009, 100001);
INSERT INTO ORDERS (ORDER_ID, ITEM_ID, CUSTOMER_ID) VALUES (500097, 200001, 100043);
INSERT INTO ORDERS (ORDER_ID, ITEM_ID, CUSTOMER_ID) VALUES (500098, 200015, 100054);
INSERT INTO ORDERS (ORDER_ID, ITEM_ID, CUSTOMER_ID) VALUES (500099, 200012, 100038);
INSERT INTO ORDERS (ORDER_ID, ITEM_ID, CUSTOMER_ID) VALUES (500100, 200018, 100066);
COMMIT;
